Start, End, Origin, Origin Hub, Destination Hub, Destination, Load MT, First Mile KM, Mid Mile KM, Last Mile KM, Total Distance (KM), TTW (KG), WTT (KG), Trans-Shipment (KG), Total CO2e (KG)  
1-Apr-24,30-Apr-24,140417,140417,134003,173205,4.82,0,24.044,95.311,119.355,110.20658152,16.49335074,5.784,132.48393226
1-Apr-24,30-Apr-24,140417,140417,134003,756001,0.84,0,24.044,1808.432,1832.476,341.5469736,30.21577104,1.008,372.77074464
1-Apr-24,30-Apr-24,140417,140417,562111,560067,28.81,0,2371.16,102.913,2474.073,4967.86940552,4633.31256027,34.572,9635.75396579
1-Apr-24,30-Apr-24,140417,140417,134003,421302,8.39,0,24.044,1547.317,1571.361,2920.6746142,260.17365669,10.068,3190.91627089
1-Apr-24,30-Apr-24,140417,140417,134003,462001,10.84,0,24.044,974.275,998.319,2382.11571248,218.12435532,13.008,2613.2480678
1-Apr-24,30-Apr-24,140417,140417,134003,751003,4.38,0,24.044,1970.082,1994.126,1939.5215532,171.00617628,5.256,2115.78372948
1-Apr-24,30-Apr-24,140417,140417,134003,712136,0.07,0,24.044,1735.202,1759.246,27.3140014,2.42058502,0.084,29.81858642
1-Apr-24,30-Apr-24,140417,140417,134003,600067,8.49,0,24.044,2380.446,2404.49,4539.89739924,397.66669278,10.188,4947.75209202
1-Apr-24,30-Apr-24,140417,140417,134003,753014,0.96,0,24.044,1905.808,1929.852,411.27913344,36.308448,1.152,448.73958144
Error,,,,,,,,,,,,,,
1-Apr-24,30-Apr-24,140417,140417,134003,110017,1.54,0,24.044,230.937,254.981,81.9967764,9.23807654,1.848,93.08285294
1-Apr-24,30-Apr-24,140417,140417,134003,683511,3.62,0,24.044,2819.796,2843.84,2291.99965512,199.77720064,4.344,2496.12085576
1-Apr-24,30-Apr-24,140417,140417,134003,781005,0.09,0,24.044,2106.64,2130.684,42.60619188,3.74733972,0.108,46.4615316
1-Apr-24,30-Apr-24,140417,140417,134003,711303,13.7,0,24.044,1789.562,1813.606,5512.560242,487.8929762,16.44,6016.8932182
1-Apr-24,30-Apr-24,140417,140417,134003,500078,6.08,0,24.044,1762.318,1786.362,2409.34594432,213.3775392,7.296,2630.01948352
1-Apr-24,30-Apr-24,140417,140417,134003,452010,23.89,0,24.044,1043.568,1067.612,5620.69595556,512.1714986,28.668,6161.53545416
1-Apr-24,30-Apr-24,140417,140417,134003,302015,7.58,0,24.044,419.986,444.03,724.58460088,72.69736956,9.096,806.37797044
1-Apr-24,30-Apr-24,140417,140417,134003,180010,6.3,0,24.044,397.254,421.298,570.1479084,57.7002762,7.56,635.4081846
1-Apr-24,30-Apr-24,140417,140417,134003,380009,3.23,0,24.044,1071.752,1095.796,780.3267206,70.97678228,3.876,855.17950288
1-Apr-24,30-Apr-24,140417,140417,134003,700017,0.16,0,24.044,1771.653,1795.697,63.73840704,5.6435768,0.192,69.57398384
1-Apr-24,30-Apr-24,140417,140417,134003,136118,15.36,0,24.044,38.158,62.202,154.55483904,35.880192,18.432,208.86703104
1-Apr-24,30-Apr-24,140417,140417,134003,226004,41.25,0,24.044,732.696,756.74,6832.595385,640.702095,49.5,7522.79748
1-Apr-24,30-Apr-24,140417,140417,134003,141001,14.79,0,24.044,124.185,148.229,433.82341548,58.72314777,17.748,510.29456325
1-Apr-24,30-Apr-24,140417,140417,134003,250001,23.01,0,24.044,206.065,230.109,1096.96336932,127.15747083,27.612,1251.73284015
1-Apr-24,30-Apr-24,140417,140417,134003,400057,4.48,0,24.044,1573.506,1597.55,1585.83091968,141.15387776,5.376,1732.36079744
1-Apr-24,30-Apr-24,140417,140417,134003,440019,5.22,0,24.044,1296.145,1320.189,1523.46353544,136.96080966,6.264,1666.6883451
1-Apr-24,30-Apr-24,140417,140417,134003,524004,0.28,0,24.044,2229.189,2253.233,140.23887024,12.31035092,0.336,152.88522116
1-Apr-24,30-Apr-24,140417,140417,134003,110085,20.85,0,24.044,205.367,229.411,990.729033,114.94440285,25.02,1130.69343585
1-Apr-24,30-Apr-24,140417,140417,134003,800020,0.28,0,24.044,1250.734,1274.778,78.87017264,7.10497032,0.336,86.31114296
1-Apr-24,30-Apr-24,140417,140417,134003,411005,1.32,0,24.044,1650.302,1674.346,489.9607944,43.51602552,1.584,535.06081992
1-Apr-24,30-Apr-24,140417,140417,134003,492004,12.32,0,24.044,1432.161,1456.205,3970.96805952,355.08712624,14.784,4340.83918576
1-Apr-24,30-Apr-24,140417,140417,134003,533101,0.44,0,24.044,1981.338,2005.382,195.94717296,17.2728028,0.528,213.74797576
1-Apr-24,30-Apr-24,140417,140417,134003,360001,0.59,0,24.044,1289.697,1313.741,171.340071,15.40796269,0.708,187.45603369
1-Apr-24,30-Apr-24,140417,140417,134003,834001,0.39,0,24.044,1498.046,1522.09,131.46005964,11.72879058,0.468,143.65685022
1-Apr-24,30-Apr-24,140417,140417,134003,395009,0.63,0,24.044,1321.437,1345.481,187.4354958,16.83249813,0.756,205.02399393
1-Apr-24,30-Apr-24,140417,140417,134003,517501,0.25,0,24.044,2347.277,2371.321,131.826205,11.55230275,0.3,143.67850775
1-Apr-24,30-Apr-24,140417,140417,134003,221010,11.05,0,24.044,1064.128,1088.172,2650.6678562,241.214649,13.26,2905.1425052
1-Apr-24,30-Apr-24,140417,140417,134003,520004,5.2,0,24.044,1962.203,1986.247,2293.4508688,202.242586,6.24,2501.9334548
1-Apr-24,30-Apr-24,395009,395009,562111,560067,0.16,0,1267.208,102.913,1370.121,16.46185856,13.89732528,0.192,30.55118384
1-Apr-24,30-Apr-24,421302,421302,400072,380009,6.93,0,45.708,522.579,568.287,831.165489,90.03065841,8.316,929.51214741
1-Apr-24,30-Apr-24,421302,421302,400072,444606,5.62,0,45.708,635.725,681.433,816.48486248,85.09360582,6.744,908.3224683
1-Apr-24,30-Apr-24,421302,421302,400072,431003,6.08,0,45.708,337.165,382.873,476.69974912,57.56891168,7.296,541.5646608
1-Apr-24,30-Apr-24,421302,421302,400072,421302,15.6,0,45.708,41.883,87.591,191.2777776,60.1881228,18.72,270.1859004
1-Apr-24,30-Apr-24,421302,421302,400072,403002,0.15,0,45.708,554.315,600.023,19.0569246,2.03916315,0.18,21.27608775
1-Apr-24,30-Apr-24,421302,421302,400072,362001,2.09,0,45.708,792.643,838.351,377.10211924,37.87634477,2.508,417.48646401
1-Apr-24,30-Apr-24,421302,421302,400072,380009,0.48,0,45.708,522.579,568.287,57.569904,6.23588976,0.576,64.38179376
1-Apr-24,30-Apr-24,421302,421302,400072,533101,5.42,0,45.708,1151.278,1196.986,1413.35104792,135.15701156,6.504,1555.01205948
1-Apr-24,30-Apr-24,421302,421302,400072,400057,81.59,0,45.708,6.625,52.333,356.02645036,260.13429449,97.908,714.06874485
1-Apr-24,30-Apr-24,421302,421302,400072,440019,7.32,0,45.708,763.58,809.288,1273.10555568,128.61573792,8.784,1410.5052936
1-Apr-24,30-Apr-24,421302,421302,400072,422001,9.17,0,45.708,167.818,213.526,371.11756612,57.32146826,11.004,439.44303438
1-Apr-24,30-Apr-24,421302,421302,400072,411005,65.31,0,45.708,149.36,195.068,2373.12009564,385.34702556,78.372,2836.8391212
1-Apr-24,30-Apr-24,421302,421302,400072,360001,15.39,0,45.708,691.082,736.79,2426.72554908,249.21017766,18.468,2694.40372674
1-Apr-24,30-Apr-24,421302,421302,400072,413003,3.97,0,45.708,402.962,448.67,369.77807524,42.55329458,4.764,417.09536982
1-Apr-24,30-Apr-24,421302,421302,400072,395009,6.93,0,45.708,282.472,328.18,458.44259076,58.41576972,8.316,525.17436048
1-Apr-24,30-Apr-24,421302,421302,400072,390007,3.17,0,45.708,416.558,462.266,304.91784932,34.79721046,3.804,343.51905978
1-Apr-24,30-Apr-24,380009,380009,562111,560067,0.64,0,1502.813,102.913,1605.726,75.34702784,65.69204352,0.768,141.80707136
1-Apr-24,30-Apr-24,173205,173205,134003,226004,0.04,0,94.171,732.696,826.867,6.80226708,0.80922724,0.048,7.65949432
1-Apr-24,30-Apr-24,562123,562123,562111,380009,0.01,0,25.989,1448.697,1474.686,3.26145435,0.29266506,0.012,3.56611941
1-Apr-24,30-Apr-24,562123,562123,562111,173205,0.13,0,25.989,2383.111,2409.1,69.60904223,6.11264836,0.156,75.87769059
1-Apr-24,30-Apr-24,562123,562123,562111,560067,88.22,0,25.989,102.913,128.902,2178.13583218,326.1149342,105.864,2610.11476638
1-Apr-24,30-Apr-24,562123,562123,562111,421302,0.07,0,25.989,955.88,981.869,15.10280989,1.39320881,0.084,16.5800187
1-Apr-24,30-Apr-24,562123,562123,562111,462001,0.18,0,25.989,1489.141,1515.13,60.33688038,5.40628956,0.216,65.95916994
1-Apr-24,30-Apr-24,562123,562123,562111,751003,0.12,0,25.989,1485.566,1511.555,40.12849092,3.59604204,0.144,43.86853296
1-Apr-24,30-Apr-24,562123,562123,562111,600067,16.21,0,25.989,401.9,427.889,1485.85572247,152.00705423,19.452,1657.3147767
1-Apr-24,30-Apr-24,562123,562123,562111,641018,0.03,0,25.989,333.972,359.961,2.29341105,0.24260193,0.036,2.57201298
1-Apr-24,30-Apr-24,562123,562123,562111,577004,0.31,0,25.989,223.888,249.877,16.05434789,1.85849185,0.372,18.28483974
Error,,,,,,,,,,,,,,
1-Apr-24,30-Apr-24,562123,562123,562111,683511,16.95,0,25.989,506.682,532.671,1951.52257125,192.69134595,20.34,2164.5539172
1-Apr-24,30-Apr-24,562123,562123,562111,711303,12.09,0,25.989,1873.448,1899.437,5093.39197731,451.40160975,14.508,5559.30158706
1-Apr-24,30-Apr-24,562123,562123,562111,500078,79.89,0,25.989,613.965,639.954,11117.92915863,1071.05311422,95.868,12284.85027285
1-Apr-24,30-Apr-24,562123,562123,562111,452010,1.55,0,25.989,1307.326,1333.315,456.44141305,41.19970835,1.86,499.5011214
1-Apr-24,30-Apr-24,562123,562123,562111,302015,1.34,0,25.989,1864.921,1890.91,561.96867874,49.81418108,1.608,613.39085982
1-Apr-24,30-Apr-24,562123,562123,562111,180010,0.03,0,25.989,2700.876,2726.865,18.19900593,1.59173721,0.036,19.82674314
1-Apr-24,30-Apr-24,562123,562123,562111,226004,6.06,0,25.989,1863.458,1889.447,2539.45450794,225.1106079,7.272,2771.83711584
1-Apr-24,30-Apr-24,562123,562123,562111,141001,0.57,0,25.989,2427.807,2453.796,310.91566275,27.28566972,0.684,338.88533247
1-Apr-24,30-Apr-24,562123,562123,562111,625016,0.02,0,25.989,495.222,521.211,2.2513407,0.22300962,0.024,2.49835032
1-Apr-24,30-Apr-24,562123,562123,562111,571401,0.21,0,25.989,137.747,163.736,6.82345335,0.91527576,0.252,7.99072911
1-Apr-24,30-Apr-24,562123,562123,562111,575003,3.33,0,25.989,328.406,354.395,250.41683583,26.57665341,3.996,280.98948924
1-Apr-24,30-Apr-24,562123,562123,562111,400057,0.35,0,25.989,943.538,969.527,74.54643665,6.88396975,0.42,81.8504064
1-Apr-24,30-Apr-24,562123,562123,562111,570004,2.13,0,25.989,180.476,206.465,89.59617303,11.01275391,2.556,103.16492694
1-Apr-24,30-Apr-24,562123,562123,562111,524004,4.28,0,25.989,442.307,468.296,431.056241,43.42101088,5.136,479.61325188
1-Apr-24,30-Apr-24,562123,562123,562111,562123,4.3,0,25.989,26.011,52,32.0942153,9.6125296,5.16,46.8667449
1-Apr-24,30-Apr-24,562123,562123,562111,110085,2.27,0,25.989,2092.755,2118.744,1067.84074929,94.21319016,2.724,1164.77793945
1-Apr-24,30-Apr-24,562123,562123,562111,605013,0.13,0,25.989,381.019,407.008,11.30812319,1.16748112,0.156,12.63160431
1-Apr-24,30-Apr-24,562123,562123,562111,411005,0.01,0,25.989,826.899,852.888,1.86862683,0.17452344,0.012,2.05515027
1-Apr-24,30-Apr-24,562123,562123,562111,492004,1.12,0,25.989,1294.583,1320.572,326.61876688,29.4989408,1.344,357.46170768
1-Apr-24,30-Apr-24,562123,562123,562111,533101,4.61,0,25.989,870.679,896.668,906.64594783,84.28999604,5.532,996.46794387
1-Apr-24,30-Apr-24,562123,562123,562111,140417,0.5,0,25.989,2330.578,2356.567,261.8433895,23.0111225,0.6,285.454512
1-Apr-24,30-Apr-24,562123,562123,562111,577201,2.33,0,25.989,260.207,286.196,139.62216275,15.57650668,2.796,157.99466943
1-Apr-24,30-Apr-24,562123,562123,562111,421302,5.2,0,25.989,955.88,981.869,1121.9230204,103.4955116,6.24,1231.658532
1-Apr-24,30-Apr-24,562123,562123,562111,629004,0.37,0,25.989,727.999,753.988,60.94236071,5.76210028,0.444,67.14846099
1-Apr-24,30-Apr-24,562123,562123,562111,680004,0.98,0,25.989,456.774,482.763,101.87558934,10.21156962,1.176,113.26315896
1-Apr-24,30-Apr-24,562123,562123,562111,620003,0.01,0,25.989,396.283,422.272,0.90404699,0.0927064,0.012,1.00875339
1-Apr-24,30-Apr-24,562123,562123,562111,517501,2.53,0,25.989,305.316,331.305,177.17107023,19.08193551,3.036,199.28900574
1-Apr-24,30-Apr-24,562123,562123,562111,586101,1.22,0,25.989,481.128,507.117,133.48017438,13.2768879,1.464,148.22106228
1-Apr-24,30-Apr-24,562123,562123,562111,520004,8.51,0,25.989,719.718,745.707,1385.88872289,131.18935155,10.212,1527.29007444
1-Apr-24,30-Apr-24,562123,562123,562111,530016,2.4,0,25.989,1074.009,1099.998,581.3167752,53.1538416,2.88,637.3506168
1-Apr-24,30-Apr-24,562123,562123,562111,534202,1.64,0,25.989,806.623,832.612,299.00620876,27.990044,1.968,328.96425276
1-Apr-24,30-Apr-24,421302,421302,400057,400057,0.15,0,54.945,0,54.945,0.51923025,0.55219725,0.18,1.2514275
1-Apr-24,30-Apr-24,403002,403002,421302,400057,1.72,0,567.602,54.945,622.547,82.67456232,67.20605708,2.064,151.9446194
1-Apr-24,30-Apr-24,600006,600006,600067,560067,0.22,0,31.503,332.262,363.765,16.81050294,1.85320938,0.264,18.92771232
1-Apr-24,30-Apr-24,600006,600006,600067,641018,5.07,0,31.503,522.937,554.44,603.95146539,61.07577528,6.084,671.11124067
1-Apr-24,30-Apr-24,600006,600006,600067,629002,0.68,0,31.503,723.073,754.576,111.48806788,10.77737984,0.816,123.08144772
1-Apr-24,30-Apr-24,600006,600006,600067,625016,2.35,0,31.503,477.289,508.792,255.90894875,26.2711012,2.82,285.00004995
1-Apr-24,30-Apr-24,600006,600006,600067,605013,0.73,0,31.503,184.608,216.111,31.63592313,4.10132469,0.876,36.61324782
1-Apr-24,30-Apr-24,600006,600006,600067,680004,0.06,0,31.503,634.415,665.918,8.64561894,0.84987516,0.072,9.5674941
1-Apr-24,30-Apr-24,600006,600006,600067,620003,0.71,0,31.503,346.491,377.994,56.51505783,6.1727613,0.852,63.53981913
1-Apr-24,30-Apr-24,110092,110092,110017,110085,0.88,0,19.606,30.3,49.906,7.05969264,1.66258576,1.056,9.7782784
1-Apr-24,30-Apr-24,683511,683511,600067,683511,0.08,0,686.561,684.322,1370.883,15.72331768,4.7201364,0.096,20.53945408
1-Apr-24,30-Apr-24,683511,683511,600067,629004,0.39,0,686.561,725.165,1411.726,80.21921817,23.31331158,0.468,104.00052975
1-Apr-24,30-Apr-24,683511,683511,600067,680004,0.51,0,686.561,634.415,1320.976,94.53477453,29.60727072,0.612,124.75404525
1-Apr-24,30-Apr-24,125001,125001,110017,110085,0.01,0,213.643,30.3,243.943,0.20246709,0.14889781,0.012,0.3633649
1-Apr-24,30-Apr-24,700017,700017,711302,756001,18.19,0,29.953,221.154,251.107,935.43048165,112.93765363,21.828,1070.19613528
1-Apr-24,30-Apr-24,700017,700017,711302,751003,83.49,0,29.953,430.018,459.971,8199.64231779,849.69384357,100.188,9149.52416136
1-Apr-24,30-Apr-24,700017,700017,711302,712136,7.65,0,29.953,45.382,75.335,92.20244355,21.94868385,9.18,123.3311274
1-Apr-24,30-Apr-24,700017,700017,711302,753014,25.05,0,29.953,404.416,434.369,2316.52938615,242.75341275,30.06,2589.3427989
1-Apr-24,30-Apr-24,700017,700017,711302,781005,14.23,0,29.953,1016.242,1046.195,3266.14426481,303.31883927,17.076,3586.53910408
1-Apr-24,30-Apr-24,700017,700017,711302,711303,35.52,0,29.953,32.654,62.607,326.8385232,93.32087904,42.624,462.78340224
1-Apr-24,30-Apr-24,700017,700017,711302,795001,22.37,0,29.953,1484.345,1514.298,7480.08773603,675.78441222,26.844,8182.71614825
1-Apr-24,30-Apr-24,700017,700017,711302,700017,7.08,0,29.953,33.92,63.873,67.15464252,18.77142348,8.496,94.422066
1-Apr-24,30-Apr-24,700017,700017,711302,800020,15.23,0,29.953,582.144,612.097,2014.73550285,199.01935001,18.276,2232.03085286
1-Apr-24,30-Apr-24,700017,700017,711302,834001,19.93,0,29.953,376.667,406.62,1719.17070871,182.62903332,23.916,1925.71574203
1-Apr-24,30-Apr-24,500078,500078,520001,500078,2.73,0,292.685,292.685,585.37,229.32162435,68.7165843,3.276,301.31420865
1-Apr-24,30-Apr-24,500078,500078,520001,524004,0.06,0,292.685,290.295,582.98,5.0079141,1.50753,0.072,6.5874441
1-Apr-24,30-Apr-24,500078,500078,520001,533101,0.06,0,292.685,160.843,453.528,3.26807922,1.35995472,0.072,4.70003394
1-Apr-24,30-Apr-24,500078,500078,520001,517501,0.03,0,292.685,415.365,708.05,3.34442745,0.8250549,0.036,4.20548235
1-Apr-24,30-Apr-24,500078,500078,520001,534202,0.04,0,292.685,146.191,438.876,2.04743756,0.89550096,0.048,2.99093852
1-Apr-24,30-Apr-24,452010,452010,455001,462001,0.34,0,53.278,162.931,216.209,13.55003972,2.2662071,0.408,16.22424682
1-Apr-24,30-Apr-24,452010,452010,455001,452010,0.3,0,53.278,49.718,102.996,4.3480038,1.3542804,0.36,6.0622842
1-Apr-24,30-Apr-24,302013,302013,562111,560067,0.01,0,1892.04,102.913,1994.953,1.42251032,1.28722027,0.012,2.72173059
1-Apr-24,30-Apr-24,302013,302013,302003,462001,0.2,0,16.443,594.798,611.241,26.8541322,2.4805686,0.24,29.5747008
1-Apr-24,30-Apr-24,302013,302013,302003,226004,0.01,0,16.443,565.489,581.932,1.27705445,0.11845972,0.012,1.40751417
1-Apr-24,30-Apr-24,700017,700017,711303,560067,0.01,0,56.972,1809.183,1866.155,4.08846228,0.38191601,0.012,4.48237829
1-Apr-24,30-Apr-24,136118,136118,122413,110085,0.02,0,220.398,67.455,287.853,0.57989988,0.32096622,0.024,0.9248661
1-Apr-24,30-Apr-24,141001,141001,122413,143001,0.19,0,379.824,489.705,869.529,25.38833808,6.60299457,0.228,32.21933265
1-Apr-24,30-Apr-24,141001,141001,122413,151001,0.01,0,379.824,371.348,751.172,1.07110864,0.3250382,0.012,1.40814684
1-Apr-24,30-Apr-24,141001,141001,122413,144022,0.06,0,379.824,438.535,818.359,7.32964512,2.02682238,0.072,9.4284675
1-Apr-24,30-Apr-24,141001,141001,122413,180010,0.02,0,379.824,654.2,1034.024,3.40939424,0.75756016,0.024,4.1909544
1-Apr-24,30-Apr-24,141001,141001,122413,136118,0.08,0,379.824,220.027,599.851,5.8571968,2.37029768,0.096,8.32349448
1-Apr-24,30-Apr-24,141001,141001,122413,141001,5.69,0,379.824,381.131,760.955,621.92983664,186.00437593,6.828,814.76221257
1-Apr-24,30-Apr-24,141001,141001,122413,160055,0.1,0,379.824,305.732,685.556,9.241288,3.1257116,0.12,12.4869996
1-Apr-24,30-Apr-24,141001,141001,122413,147001,0.25,0,379.824,285.854,665.678,21.990052,7.7198585,0.3,30.0099105
1-Apr-24,30-Apr-24,400057,400057,380001,380009,0.02,0,518.13,2.61,520.74,0.6645366,0.695286,0.024,1.3838226
1-Apr-24,30-Apr-24,400057,400057,400072,444606,0.04,0,6.023,635.725,641.748,5.71127396,0.49929264,0.048,6.2585666
1-Apr-24,30-Apr-24,400057,400057,562111,560067,0.54,0,946.169,102.913,1049.082,44.63702586,35.2882818,0.648,80.57330766
1-Apr-24,30-Apr-24,400057,400057,400072,421302,0.35,0,6.023,41.883,47.906,3.41643435,0.4197613,0.42,4.25619565
1-Apr-24,30-Apr-24,400057,400057,400072,403002,0.74,0,6.023,554.315,560.338,92.16404666,8.09228924,0.888,101.1443359
1-Apr-24,30-Apr-24,400057,400057,380001,380009,0.02,0,518.13,2.61,520.74,0.6645366,0.695286,0.024,1.3838226
1-Apr-24,30-Apr-24,400057,400057,400072,411005,0.07,0,6.023,149.36,155.383,2.36852623,0.22689667,0.084,2.6794229
1-Apr-24,30-Apr-24,400057,400057,380001,360001,0.03,0,518.13,218.582,736.712,2.44813674,1.16603304,0.036,3.65016978
1-Apr-24,30-Apr-24,400057,400057,380001,395009,0.07,0,518.13,262.778,780.908,6.40531234,2.77952444,0.084,9.26883678
1-Apr-24,30-Apr-24,440019,440019,400072,421302,5.12,0,759.998,41.883,801.881,293.17972992,264.78409216,6.144,564.10782208
1-Apr-24,30-Apr-24,440019,440019,400072,462001,0.61,0,759.998,774.929,1534.927,135.0930217,40.04254537,0.732,175.86756707
1-Apr-24,30-Apr-24,440019,440019,520001,522007,9.25,0,687.458,42.096,729.554,487.8390615,433.4504675,11.1,932.389529
1-Apr-24,30-Apr-24,440019,440019,400072,711303,19,0,759.998,1835.621,2595.619,8722.120582,1630.136635,22.8,10375.057217
1-Apr-24,30-Apr-24,440019,440019,520001,500078,32.26,0,687.458,292.685,980.143,3512.18794444,1665.28381426,38.712,5216.1837587
1-Apr-24,30-Apr-24,440019,440019,382475,452010,3.63,0,856.231,401.64,1257.871,522.39298419,235.94505231,4.356,762.6940365
1-Apr-24,30-Apr-24,440019,440019,416811,380009,8.95,0,1062.504,943.236,2005.74,2490.0924132,797.5278054,10.74,3298.3602186
1-Apr-24,30-Apr-24,440019,440019,400072,400057,4.5,0,759.998,6.625,766.623,222.137433,229.7058345,5.4,457.2432675
1-Apr-24,30-Apr-24,440019,440019,400072,440019,46.65,0,759.998,763.58,1523.578,10212.7016901,3052.2108819,55.98,13320.892572
1-Apr-24,30-Apr-24,440019,440019,520001,524004,12.86,0,687.458,290.295,977.753,1393.20011124,663.25824226,15.432,2071.8903535
1-Apr-24,30-Apr-24,440019,440019,416811,411005,0.4,0,1062.504,336.321,1398.825,56.9094624,31.0311468,0.48,88.4206092
1-Apr-24,30-Apr-24,440019,440019,400072,492004,6.24,0,759.998,1055.63,1815.628,1774.28780256,442.89545664,7.488,2224.6712592
1-Apr-24,30-Apr-24,440019,440019,520001,533101,8.57,0,687.458,160.843,848.301,679.93253902,420.92157471,10.284,1111.13811373
1-Apr-24,30-Apr-24,440019,440019,380001,360001,0.05,0,845.689,218.582,1064.271,5.11203875,3.04071105,0.06,8.2127498
1-Apr-24,30-Apr-24,440019,440019,520001,520004,25.12,0,687.458,7.646,695.104,1130.96665696,1160.6685952,30.144,2321.77925216
1-Apr-24,30-Apr-24,440019,440019,520001,530016,7.6,0,687.458,364.173,1051.631,949.1230056,402.6401948,9.12,1360.8832004
1-Apr-24,30-Apr-24,440019,440019,520001,534202,4.53,0,687.458,146.191,833.649,344.53657014,221.23303695,5.436,571.20560709
1-Apr-24,30-Apr-24,562123,562123,134003,173205,1.1,0,2324.406,95.311,2419.717,184.5659662,173.3007221,1.32,359.1866883
1-Apr-24,30-Apr-24,562123,562123,562111,560067,51.23,0,25.989,102.913,128.902,1264.85942737,189.3773303,61.476,1515.71275767
1-Apr-24,30-Apr-24,562123,562123,400072,421302,3.14,0,954.495,41.883,996.378,218.27702778,203.30539788,3.768,425.35042566
1-Apr-24,30-Apr-24,562123,562123,562111,462001,0.5,0,25.989,1489.141,1515.13,167.6024455,15.017471,0.6,183.2199165
1-Apr-24,30-Apr-24,562123,562123,562111,600067,28.69,0,25.989,401.9,427.889,2629.80880183,269.03654447,34.428,2933.2733463
1-Apr-24,30-Apr-24,562123,562123,562111,641018,14.18,0,25.989,333.972,359.961,1084.0189563,114.66984558,17.016,1215.70480188
1-Apr-24,30-Apr-24,562123,562123,562111,577004,5.13,0,25.989,223.888,249.877,265.67356347,30.75504255,6.156,302.58460602
Error,,,,,,,,,,,,,,
1-Apr-24,30-Apr-24,562123,562123,562111,683511,10.85,0,25.989,506.682,532.671,1249.20471375,123.34519785,13.02,1385.5699116
1-Apr-24,30-Apr-24,562123,562123,562111,638003,1.96,0,25.989,326.06,352.049,146.36250412,15.55534988,2.352,164.269854
1-Apr-24,30-Apr-24,562123,562123,520001,522007,0.95,0,693.612,42.096,735.708,50.470707,44.9082366,1.14,96.5189436
1-Apr-24,30-Apr-24,562123,562123,711302,711303,34.15,0,1876.401,32.654,1909.055,4286.77296985,4314.48685595,40.98,8642.2398258
1-Apr-24,30-Apr-24,562123,562123,520001,500078,18.69,0,693.612,292.685,986.297,2042.05063524,972.49712511,22.428,3036.97576035
1-Apr-24,30-Apr-24,562123,562123,562111,452010,3.64,0,25.989,1307.326,1333.315,1071.90112484,96.75286348,4.368,1173.02198832
1-Apr-24,30-Apr-24,562123,562123,134003,302015,4.17,0,2324.406,419.986,2744.392,1002.94522314,682.69128312,5.004,1690.64050626
1-Apr-24,30-Apr-24,562123,562123,134003,180010,0.26,0,2324.406,397.254,2721.66,61.20984324,42.45358728,0.312,103.97543052
1-Apr-24,30-Apr-24,562123,562123,562111,629002,3.84,0,25.989,725.907,751.896,630.683424,59.64862464,4.608,694.94004864
1-Apr-24,30-Apr-24,562123,562123,380001,380009,0.08,0,1461.998,2.61,1464.608,7.41524112,7.84027648,0.096,15.3515176
1-Apr-24,30-Apr-24,562123,562123,160014,136118,1.08,0,2370.377,101.947,2472.324,185.94346932,173.61243216,1.296,360.85190148
1-Apr-24,30-Apr-24,562123,562123,134003,226004,15.09,0,2324.406,732.696,3057.102,4686.37276338,2560.11546834,18.108,7264.59623172
1-Apr-24,30-Apr-24,562123,562123,134003,141001,3.66,0,2324.406,124.185,2448.591,637.77336588,578.62666422,4.392,1220.7920301
1-Apr-24,30-Apr-24,562123,562123,562111,625016,10.92,0,25.989,495.222,521.211,1229.2320222,121.76325252,13.104,1364.09927472
1-Apr-24,30-Apr-24,562123,562123,562111,571401,1.99,0,25.989,137.747,163.736,64.66034365,8.67332744,2.388,75.72167109
1-Apr-24,30-Apr-24,562123,562123,562111,575003,14.02,0,25.989,328.406,354.395,1054.30751902,111.89329754,16.824,1183.02481656
1-Apr-24,30-Apr-24,562123,562123,122413,250001,1.14,0,2068.416,148.918,2217.334,186.5813376,161.21117796,1.368,349.16051556
1-Apr-24,30-Apr-24,562123,562123,400072,400057,2.05,0,954.495,6.625,961.12,126.31522925,131.357932,2.46,260.13316125
1-Apr-24,30-Apr-24,562123,562123,562111,570004,12.4,0,25.989,180.476,206.465,521.5927444,64.1118068,14.88,600.5845512
1-Apr-24,30-Apr-24,562123,562123,400072,440019,0.08,0,954.495,763.58,1718.075,18.4940084,6.2767348,0.096,24.8667432
1-Apr-24,30-Apr-24,562123,562123,520001,524004,2.31,0,693.612,290.295,983.907,251.15159916,120.09137679,2.772,374.01497595
1-Apr-24,30-Apr-24,562123,562123,562111,562123,1.33,0,25.989,26.011,52,9.92681543,2.97317776,1.596,14.49599319
1-Apr-24,30-Apr-24,562123,562123,122413,110085,4.85,0,2068.416,67.455,2135.871,705.2876208,678.34775745,5.82,1389.45537825
1-Apr-24,30-Apr-24,562123,562123,562111,605013,6.56,0,25.989,381.019,407.008,570.62529328,58.91289344,7.872,637.41018672
1-Apr-24,30-Apr-24,562123,562123,134003,492004,3.29,0,2324.406,1432.161,3756.567,1537.22500218,601.89319869,3.948,2143.06620087
1-Apr-24,30-Apr-24,562123,562123,520001,533101,1.73,0,693.612,160.843,854.455,137.92665124,85.68347633,2.076,225.68612757
1-Apr-24,30-Apr-24,562123,562123,562111,636005,5.09,0,25.989,262.814,288.803,307.98390287,34.27977061,6.108,348.37167348
1-Apr-24,30-Apr-24,562123,562123,562111,577201,12.32,0,25.989,260.207,286.196,738.259676,82.36161472,14.784,835.40529072
1-Apr-24,30-Apr-24,562123,562123,400072,421302,54.1,0,954.495,41.883,996.378,3760.7602557,3502.8095622,64.92,7328.4898179
1-Apr-24,30-Apr-24,562123,562123,562111,629004,7.56,0,25.989,727.999,753.988,1245.20066748,117.73372464,9.072,1372.00639212
1-Apr-24,30-Apr-24,562123,562123,562111,680004,7.67,0,25.989,456.774,482.763,797.33241861,79.92116223,9.204,886.45758084
1-Apr-24,30-Apr-24,562123,562123,562111,620003,3.46,0,25.989,396.283,422.272,312.80025854,32.0764144,4.152,349.02867294
1-Apr-24,30-Apr-24,562123,562123,520001,517501,11.89,0,693.612,415.365,1108.977,1625.83046724,646.38723471,14.268,2286.48570195
1-Apr-24,30-Apr-24,562123,562123,562111,221010,0.6,0,25.989,1811.033,1837.022,244.3852194,21.690534,0.72,266.7957534
1-Apr-24,30-Apr-24,562123,562123,520001,632007,3.69,0,693.612,515.796,1209.408,587.5803234,207.64415232,4.428,799.65247572
1-Apr-24,30-Apr-24,562123,562123,562111,586101,5.2,0,25.989,481.128,507.117,568.9318908,56.590014,6.24,631.7619048
1-Apr-24,30-Apr-24,562123,562123,520001,520004,7.18,0,693.612,7.646,701.258,326.0456668,334.71205604,8.616,669.37372284
1-Apr-24,30-Apr-24,562123,562123,520001,530016,1.39,0,693.612,364.173,1057.785,174.12850812,74.21389449,1.668,250.01040261
1-Apr-24,30-Apr-24,562123,562123,520001,534202,0.74,0,693.612,146.191,839.803,56.5688116,36.44472842,0.888,93.90154002
1-Apr-24,30-Apr-24,110085,110085,122413,133006,1.14,0,62.227,261.807,324.034,71.32417866,10.42363788,1.368,83.11581654
1-Apr-24,30-Apr-24,110085,110085,122413,173205,0.2,0,62.227,336.435,398.662,15.8563482,2.1122948,0.24,18.208643
1-Apr-24,30-Apr-24,110085,110085,122413,560067,0.54,0,62.227,2192.18,2254.407,267.28305534,24.74313966,0.648,292.674195
1-Apr-24,30-Apr-24,110085,110085,122413,110017,9.07,0,62.227,52.202,114.429,141.61488943,46.81069629,10.884,199.30958572
1-Apr-24,30-Apr-24,110085,110085,122413,125001,0.61,0,62.227,200.876,263.103,29.83908025,4.87137033,0.732,35.44245058
1-Apr-24,30-Apr-24,110085,110085,122413,180010,0.09,0,62.227,654.2,716.427,13.54149909,1.49391081,0.108,15.1434099
1-Apr-24,30-Apr-24,110085,110085,122413,136118,0.12,0,62.227,220.027,282.254,6.38476188,1.00196664,0.144,7.53072852
1-Apr-24,30-Apr-24,110085,110085,122413,141001,0.02,0,62.227,381.131,443.358,1.7858729,0.22821396,0.024,2.03808686
1-Apr-24,30-Apr-24,110085,110085,122413,110085,2.04,0,62.227,67.455,129.682,38.82165084,11.11974216,2.448,52.389393
1-Apr-24,30-Apr-24,110085,110085,122413,131001,1.72,0,62.227,93.81,156.037,42.88603452,10.23675028,2.064,55.1867848
1-Apr-24,30-Apr-24,147001,147001,134003,282007,4.25,0,44.292,433.119,477.411,424.188471,47.58650625,5.1,476.87497725
1-Apr-24,30-Apr-24,147001,147001,134003,133006,4.03,0,44.292,31.613,75.905,39.78298324,14.37989033,4.836,58.99887357
1-Apr-24,30-Apr-24,147001,147001,134003,143001,4.57,0,44.292,264.068,308.36,283.07323996,36.49079192,5.484,325.04803188
1-Apr-24,30-Apr-24,147001,147001,134003,151001,4.32,0,44.292,203.111,247.403,208.6009632,29.49122736,5.184,243.27619056
1-Apr-24,30-Apr-24,147001,147001,134003,125001,1.02,0,44.292,217.654,261.946,52.57578984,7.2450498,1.224,61.04483964
1-Apr-24,30-Apr-24,147001,147001,134003,144022,4.56,0,44.292,181.589,225.881,198.20647392,29.2649628,5.472,232.94343672
1-Apr-24,30-Apr-24,147001,147001,134003,160055,5.31,0,44.292,64.607,108.899,91.66315284,22.27596507,6.372,120.31111791
1-Apr-24,30-Apr-24,147001,147001,134003,147001,2.42,0,44.292,44.375,88.667,30.80755832,9.22186738,2.904,42.9334257
1-Apr-24,30-Apr-24,147001,147001,134003,147001,2.62,0,44.292,44.375,88.667,33.35363752,9.98400518,3.144,46.4816427
1-Apr-24,30-Apr-24,147001,147001,134003,131001,2.48,0,44.292,173.754,218.046,103.44400416,15.5468472,2.976,121.96685136
1-Apr-24,30-Apr-24,800020,800020,134003,560067,0.01,0,1245.284,2442.684,3687.968,6.25614108,1.29845024,0.012,7.56659132
1-Apr-24,30-Apr-24,411005,411005,562111,560067,0.01,0,826.776,102.913,929.689,0.751394,0.57349339,0.012,1.33688739
1-Apr-24,30-Apr-24,493111,493111,562111,560067,0.02,0,1311.815,102.913,1414.728,2.11393714,1.79693904,0.024,3.93487618
1-Apr-24,30-Apr-24,493111,493111,134003,462001,0.14,0,1456.655,974.275,2430.93,43.4009611,16.2549954,0.168,59.8239565
1-Apr-24,30-Apr-24,493111,493111,134003,452010,0.04,0,1456.655,1043.568,2500.223,13.02113988,4.69694708,0.048,17.76608696
1-Apr-24,30-Apr-24,140417,140417,134003,380009,0.37,0,24.044,1071.752,1095.796,89.3872714,8.13046732,0.444,97.96173872
1-Apr-24,30-Apr-24,480001,480001,562111,562123,466.69,0,1209.722,26.011,1235.733,38286.7575755,38056.50813027,560.028,76903.29370577
Error,,,,,,,,,,,,,,
Error,,,,,,,,,,,,,,
